{"type":"FeatureCollection","features":[{"type":"Feature","id":1,"geometry":{"type":"Point","coordinates":[-121.107609115246,39.3682089273551]},"properties":{"Cultural_Resources_and_Media":null,"Organization":"Activities & Improvement Center","Address":"29190 State Hwy 49","City":"North San Juan","State":"CA","Zip":"95960","Phone":"530-415-9705","Website":"www.freed.org","Mission":"Our Mission is to eliminate barriers to full equality for people with disabilities through programs which promote independent living and effect systems change, while honoring dignity and self determination.  ","ObjectId":1}},{"type":"Feature","id":2,"geometry":{"type":"Point","coordinates":[-121.062159754456,39.2180215288646]},"properties":{"Cultural_Resources_and_Media":null,"Organization":"Booktown Books","Address":"107 Bank St","City":"Grass Valley","State":"CA","Zip":"95945","Phone":null,"Website":"http://booktownbooks.com/","Mission":"Booktown is a cooperative of 14 independent book sellers with 4,000 square feet of Used and Rare Books, Ephemera, Books on CDs, Music CDs, DVDs, LP Records and Art. We have added a new Rare Book Room where discriminating collectors can find fabulous rare, unusual and antiquarian books.","ObjectId":2}},{"type":"Feature","id":3,"geometry":{"type":"Point","coordinates":[-120.218388281638,39.3257745743591]},"properties":{"Cultural_Resources_and_Media":null,"Organization":"Boys and Girls Club of North Lake Tahoe","Address":"11911 Donner Pass Rd","City":"Truckee","State":"CA","Zip":"96161","Phone":"530-582-3760","Website":"http://www.bgcnlt.org/ ","Mission":"Our mission is to inspire and enable all youth, especially those who need us most, to reach their full potential as productive, caring, responsible citizens. ","ObjectId":3}},{"type":"Feature","id":4,"geometry":{"type":"Point","coordinates":[-120.203428133257,39.3260255107503]},"properties":{"Cultural_Resources_and_Media":null,"Organization":"Community Collaborative of Tahoe Truckee","Address":"11071 Donner Pass Rd","City":"Truckee","State":"CA","Zip":"96161","Phone":"530-550-7985","Website":"http://www.ttcf.net/community-collaborative/ ","Mission":"The Community Collaborative of Tahoe Truckee (CCTT) is a partnership of nonprofit and public organizations working together to address fundamental needs of families in the Tahoe Truckee Region. Collectively, we identify emerging community issues and develop strategies with our combined vision and resources. ","ObjectId":4}},{"type":"Feature","id":5,"geometry":{"type":"Point","coordinates":[-121.018379930588,39.2635746259881]},"properties":{"Cultural_Resources_and_Media":null,"Organization":"Community Legal ","Address":"214 Church St","City":"Nevada City ","State":"CA","Zip":"95959","Phone":"530-265-3425","Website":"https://communitylegal.net ","Mission":null,"ObjectId":5}},{"type":"Feature","id":6,"geometry":{"type":"Point","coordinates":[-121.015898887978,39.2482267216451]},"properties":{"Cultural_Resources_and_Media":null,"Organization":"Economic Resource Council","Address":"104 B New Mohawk Rd, Ste 2","City":"Nevada City","State":"CA","Zip":"95959","Phone":"530-274-8455","Website":"http://ncerc.org/ ","Mission":"The NCERC is committed to ensuring a thriving, attractive business environment in Nevada County. We support scalable ventures that create quality jobs, promote entrepreneurship, help existing businesses, attract new businesses, and contribute to the overall prosperity of the community.  Our organization provides a platform for dialogue and collaboration to create strong, informed strategies for Nevada County’s economic ecosystem. ","ObjectId":6}},{"type":"Feature","id":7,"geometry":{"type":"Point","coordinates":[-120.213726365775,39.3260965254034]},"properties":{"Cultural_Resources_and_Media":null,"Organization":"Family Resource Center of Truckee","Address":"11695 Donner Pass Rd","City":"Truckee","State":"CA","Zip":"95961","Phone":"530-587-2513","Website":"http://truckeefrc.org/","Mission":"To promote social and economic success in our community by providing education, mobilizing resources and advocating for change. ","ObjectId":7}},{"type":"Feature","id":8,"geometry":{"type":"Point","coordinates":[-121.024613043901,39.269988110817]},"properties":{"Cultural_Resources_and_Media":null,"Organization":"Friends of Nevada County Libraries","Address":"980 Helling Way","City":"Nevada City","State":"CA","Zip":"95959","Phone":"530-265-1407","Website":"http://www.ncfol.org/ ","Mission":null,"ObjectId":8}},{"type":"Feature","id":9,"geometry":{"type":"Point","coordinates":[-120.20017902479,39.326105352632]},"properties":{"Cultural_Resources_and_Media":null,"Organization":"Friends of the Truckee Library","Address":"10031 Levon Ave","City":"Truckee","State":"CA","Zip":"96161","Phone":"530-582-7846","Website":"https://www.truckeefol.org/ ","Mission":"Friends of the Truckee Library is a nonprofit organization dedicated to promoting and providing support for the Truckee Library as an essential institution of society. Our members advocate, educate and raise funds on behalf of the library. We are a dedicated group of active volunteers that have spent decades devoted to growing and sustaining the Truckee Library. ","ObjectId":9}},{"type":"Feature","id":10,"geometry":{"type":"Point","coordinates":[-121.035741650321,39.2334185476091]},"properties":{"Cultural_Resources_and_Media":null,"Organization":"Golden Road Radio and Television","Address":"578 Sutton Way","City":"Grass Valley","State":"CA","Zip":"95945","Phone":"530-270-9169","Website":"http://goldenroadradiohour.com ","Mission":"The Golden Road Radio and Television Show explores the intersection of the arts and culture, the environment, health, peace and justice and science and technology. We are dedicated to building a better future through education, individual empowerment, community building and positive social change.","ObjectId":10}},{"type":"Feature","id":11,"geometry":{"type":"Point","coordinates":[-120.180858030015,39.3357364945843]},"properties":{"Cultural_Resources_and_Media":null,"Organization":"Grant Kaye Photography","Address":"10775 Pioneer Tr","City":"Truckee","State":"CA","Zip":"96161","Phone":"530-386-6492","Website":"https://www.grantkaye.com/ ","Mission":"I lead small (less than 6) groups of keen photographers on guided workshops to destinations around the globe. My trips are custom tailored to offer the perfect balance of adventure, photography, and learning","ObjectId":11}},{"type":"Feature","id":12,"geometry":{"type":"Point","coordinates":[-121.060954765114,39.21943104881]},"properties":{"Cultural_Resources_and_Media":null,"Organization":"Grass Valley Chamber of Commerce","Address":"128 East Main St","City":"Grass Valley","State":"CA","Zip":"95945","Phone":"530-273-4667","Website":"www.grassvalleychamber.com","Mission":"To serve our members by facilitating business development, promoting tourism and visitor direction and presenting information that supports responsible business growth in our community.","ObjectId":12}},{"type":"Feature","id":13,"geometry":{"type":"Point","coordinates":[-121.062842060847,39.2169945763969]},"properties":{"Cultural_Resources_and_Media":null,"Organization":"Grass Valley Downtown Association","Address":"125 Neal St","City":"Grass Valley","State":"CA","Zip":"95945","Phone":"520-272-8315","Website":"http://downtowngrassvalley.com/ ","Mission":"The Grass Valley Downtown Association shall represent its general membership with a unified voice in economic development and historical preservation of downtown Grass Valley and our community ","ObjectId":13}},{"type":"Feature","id":14,"geometry":{"type":"Point","coordinates":[-121.06349747617,39.2169241268826]},"properties":{"Cultural_Resources_and_Media":null,"Organization":"Grass Valley Library Royce Branch","Address":"207 Mill St","City":"Grass Valley","State":"CA","Zip":"95945","Phone":null,"Website":null,"Mission":null,"ObjectId":14}},{"type":"Feature","id":15,"geometry":{"type":"Point","coordinates":[-121.018713496613,39.2625060341994]},"properties":{"Cultural_Resources_and_Media":null,"Organization":"Hardy Books","Address":"111 Pine St","City":"Nevada City","State":"CA","Zip":"95959","Phone":null,"Website":null,"Mission":null,"ObjectId":15}},{"type":"Feature","id":16,"geometry":{"type":"Point","coordinates":[-121.01736421987,39.263276954376]},"properties":{"Cultural_Resources_and_Media":null,"Organization":"Harmony Books","Address":"130 Main St","City":"Nevada City","State":"CA","Zip":"95959","Phone":null,"Website":null,"Mission":null,"ObjectId":16}},{"type":"Feature","id":17,"geometry":{"type":"Point","coordinates":[-120.180858030015,39.3357364945843]},"properties":{"Cultural_Resources_and_Media":null,"Organization":"High Fives Foundation","Address":"10775 Pioneer Tr","City":"Truckee","State":"CA","Zip":"96161","Phone":"530-562-4270","Website":"https://highfivesfoundation.org/ ","Mission":"The High Fives Foundation supports the dreams of outdoor action sports athletes by raising injury prevention awareness while providing resources and inspiration to those who suffer life altering injuries.","ObjectId":17}},{"type":"Feature","id":18,"geometry":{"type":"Point","coordinates":[-121.011242395244,39.2616538645395]},"properties":{"Cultural_Resources_and_Media":null,"Organization":"Hour Nevada County","Address":"245 Upper Park Ave","City":"Nevada City ","State":"CA","Zip":"95959","Phone":"264-6048","Website":"https://www.hournevadacounty.org/ ","Mission":"Hour Nevada County is an hour exchange based on the equality of time, empowering individuals to utilize their assets and enhance their lives, neighborhood and community. ","ObjectId":18}},{"type":"Feature","id":19,"geometry":{"type":"Point","coordinates":[-120.208123297565,39.3202885428617]},"properties":{"Cultural_Resources_and_Media":null,"Organization":"Kitchen Collab","Address":"11357 Deerfield Dr, Unit C","City":"Truckee","State":"CA","Zip":"96161","Phone":"530-414-9724","Website":"http://www.kitchencollab.co/ ","Mission":"We are a collaborative kitchen space and culinary incubator available for rent to caterers, private chefs, food production companies, food trucks, food educators, and health professionals. Our Mission is to elevate and strengthen the Truckee Tahoe food economy by supporting its food entrepreneurs.","ObjectId":19}},{"type":"Feature","id":20,"geometry":{"type":"Point","coordinates":[-121.047547287327,39.2310759517613]},"properties":{"Cultural_Resources_and_Media":null,"Organization":"KNCO / Star Radio","Address":"1255 East Main St","City":"Grass Valley","State":"CA","Zip":"95945","Phone":"530-272-3424","Website":"www.knco.com","Mission":"Nevada County’s first choice for local news.","ObjectId":20}},{"type":"Feature","id":21,"geometry":{"type":"Point","coordinates":[-120.2220206141,39.3255254785497]},"properties":{"Cultural_Resources_and_Media":null,"Organization":"KTKE Radio","Address":"12030 Donner Pass Rd, Ste 5","City":"Truckee","State":"CA","Zip":"96161","Phone":"530-587-9999","Website":"http://www.truckeetahoeradio.com ","Mission":"Our Mission is to entertain and inform the local community. We are independent so we can play and talk about what you want to hear. Our format is Triple A, which means we play a wide variety of music. ","ObjectId":21}},{"type":"Feature","id":22,"geometry":{"type":"Point","coordinates":[-121.020080242893,39.26243071301]},"properties":{"Cultural_Resources_and_Media":null,"Organization":"KVMR","Address":"120 Bridge St","City":"Nevada City","State":"CA","Zip":"95959","Phone":"530-265-9073","Website":"www.kvmr.org","Mission":"KVMR provides community members opportunities to connect through the development and production of music, news, and public affairs programs that entertain, inform, and educate. ","ObjectId":22}},{"type":"Feature","id":23,"geometry":{"type":"Point","coordinates":[-120.185841641565,39.3262710462392]},"properties":{"Cultural_Resources_and_Media":null,"Organization":"Moonshine Ink","Address":"10137 Riverside Dr","City":"Truckee","State":"CA","Zip":"96161","Phone":"530-587-3607","Website":"http://www.moonshineink.com/ ","Mission":"Moonshine Ink brings you Tahoe news straight from the source. Our team of hardworking journalists uncovers North Tahoe and Truckee news stories with in depth reporting and our authentic for the community, by the community spirit. ","ObjectId":23}},{"type":"Feature","id":24,"geometry":{"type":"Point","coordinates":[-121.022888905579,39.2583520165964]},"properties":{"Cultural_Resources_and_Media":null,"Organization":"Nevada City Advocate ","Address":"435 B Zion St","City":"Nevada City","State":"CA","Zip":"95959","Phone":"530-559-6378","Website":"https://nevadacityadvocate.online/ ","Mission":"The Nevada City Advocate is a local, woman owned monthly community newspaper.  Nevada County's only free newspaper that covers entertainment, people you know and should know, city government, county government and the issues you care about.","ObjectId":24}},{"type":"Feature","id":25,"geometry":{"type":"Point","coordinates":[-121.017171559987,39.2630941993892]},"properties":{"Cultural_Resources_and_Media":null,"Organization":"Nevada City Chamber of Commerce","Address":"132 Main St","City":"Nevada City ","State":"CA","Zip":"95959","Phone":"530-265-2692","Website":"https://www.nevadacitychamber.com/ ","Mission":null,"ObjectId":25}},{"type":"Feature","id":26,"geometry":{"type":"Point","coordinates":[-121.012457133104,39.2591665292592]},"properties":{"Cultural_Resources_and_Media":null,"Organization":"Nevada City Rotary Club","Address":"421 Nimrod St","City":"Nevada City","State":"CA","Zip":"95959","Phone":null,"Website":"http://www.nevadacityrotary.org/ ","Mission":"The Nevada City Rotary Club is the service club people want to join because it’s a diverse and welcoming group of people who live Service Above Self by giving financial and hands-on support to our local, national and international communities, exemplify ethical leadership, and get things done while having good, clean fun. ","ObjectId":26}},{"type":"Feature","id":27,"geometry":{"type":"Point","coordinates":[-121.1322373675,39.2544359804767]},"properties":{"Cultural_Resources_and_Media":null,"Organization":"Nevada City School of the Arts","Address":"13032 Bitney Springs Rd","City":"Nevada City","State":"CA","Zip":"95959","Phone":"530-273-7736","Website":"https://www.ncsota.org/ ","Mission":" We see our role as facilitators of the Arts in the community, enriching it with dance and theater, exhibitions and performances, collaborating with other artists, promoting and assisting the vision of arts-based education with other educational entities.","ObjectId":27}},{"type":"Feature","id":28,"geometry":{"type":"Point","coordinates":[-121.015898887978,39.2482267216451]},"properties":{"Cultural_Resources_and_Media":null,"Organization":"Nevada County Digital Media Center","Address":"104 New Mohawk Rd","City":"Nevada City ","State":"CA","Zip":"95959","Phone":"530-272-8862","Website":"https://nevadacountytv.org/ ","Mission":"The Nevada County Digital Media Center is Nevada County’s hub for all things film & video. Creation, Collaboration, Learning & Distribution! ","ObjectId":28}},{"type":"Feature","id":29,"geometry":{"type":"Point","coordinates":[-121.057684410593,39.1795398121248]},"properties":{"Cultural_Resources_and_Media":null,"Organization":"Nevada County Gold Magazine","Address":"14520 Lynshar Rd","City":"Grass Valley","State":"CA","Zip":"95949","Phone":null,"Website":"http://www.nevadacountygold.com/ ","Mission":null,"ObjectId":29}},{"type":"Feature","id":30,"geometry":{"type":"Point","coordinates":[-121.024613043901,39.269988110817]},"properties":{"Cultural_Resources_and_Media":null,"Organization":"Madelyn Helling Library","Address":"980 Helling Way","City":"Nevada City","State":"CA","Zip":"95959","Phone":"530-265-7050","Website":"https://www.mynevadacounty.com/290/Library","Mission":"In August 1972, the Nevada County Library System was incorporated, with the Nevada City library serving as the main branch.  Today the system includes the Grass Valley Library, the Truckee Library. the Doris Foley Library for Historical Research. The Bear River Library (a partnership with the Bear River High School Library) and Penn Valley Library (located in a shopping center) were added in 2002.","ObjectId":30}},{"type":"Feature","id":31,"geometry":{"type":"Point","coordinates":[-121.015898887978,39.2482267216451]},"properties":{"Cultural_Resources_and_Media":null,"Organization":"Nevada County Television/Digital Media Ctr","Address":"104 New Mohawk Rd","City":"Nevada City ","State":"CA","Zip":"95959","Phone":"530-272-8862","Website":"https://nevadacountytv.org/ ","Mission":"To foster community dialogue, increase civic engagement, and enrich the cultural life of our community through television, the internet, and other digital media. ","ObjectId":31}},{"type":"Feature","id":32,"geometry":{"type":"Point","coordinates":[-121.054555378134,39.2415447848791]},"properties":{"Cultural_Resources_and_Media":null,"Organization":"Nevada Union High School","Address":"11761 Ridge Rd","City":"Grass Valley","State":"CA","Zip":"95945","Phone":"530-273-3351","Website":"http://nevadaunion.njuhsd.com/  ","Mission":"Nevada Union has more to offer than any other comprehensive high school in the region.  There is something here for everyone, and each provides an opportunity to shine. Whether it's academics, sports, dance, choir, AG metals, farming, drama, band, or woodworking,  the list goes on.  ","ObjectId":32}},{"type":"Feature","id":33,"geometry":{"type":"Point","coordinates":[-121.054555378134,39.2415447848791]},"properties":{"Cultural_Resources_and_Media":null,"Organization":"Nevada Union High School Library","Address":"11761 Ridge Rd","City":"Grass Valley","State":"CA","Zip":"95945","Phone":"530-273-4431","Website":"http://nevadaunion.njuhsd.com/Library/index.html ","Mission":null,"ObjectId":33}},{"type":"Feature","id":34,"geometry":{"type":"Point","coordinates":[-121.176673016322,39.1974475557983]},"properties":{"Cultural_Resources_and_Media":null,"Organization":"Penn Valley Chamber of Commerce","Address":"17422 Penn Valley Dr","City":"Penn Valley","State":"CA","Zip":"95946","Phone":"530-432-1802","Website":"www.pennvalleycoc.org","Mission":"Our mission is to promote and stimulate business growth and development to benefit area businesses and the communities they serve. To facilitate our mission, we are continually broadening our media outreach through community involvement and radio, TV, and newspaper coverage, in addition to application of the Internet and distribution of electronic media. ","ObjectId":34}},{"type":"Feature","id":35,"geometry":{"type":"Point","coordinates":[-121.139025764523,39.2293370600164]},"properties":{"Cultural_Resources_and_Media":null,"Organization":"Rough and Ready Chamber of Commerce","Address":"14550 Rough and Ready Hwy","City":"Rough and Ready","State":"CA","Zip":"95975","Phone":"530-797-6729","Website":"http://www.roughandreadychamber.com ","Mission":"Rough and Ready is located in Nevada County, California, just a short drive west of Grass Valley.  Rough and Ready provides ideal country living with proximity to outdoor recreational activities, and yet we are reasonably close to metropolitan areas. ","ObjectId":35}},{"type":"Feature","id":36,"geometry":{"type":"Point","coordinates":[-121.028295535593,39.2484248193118]},"properties":{"Cultural_Resources_and_Media":null,"Organization":"Searls Historical Library ","Address":"161 Nevada City Hwy","City":"Nevada City","State":"CA","Zip":"95959","Phone":"530-265-5910","Website":"https://www.nevadacountyhistory.org/searls-historical-library.html ","Mission":"The Searls Historical Library is the archive of the Nevada County Historical Society. Established in 1973, the Searls Library has become one of the premier libraries of materials on the area's history, people and mines which contributed to the development of this county.","ObjectId":36}},{"type":"Feature","id":37,"geometry":{"type":"Point","coordinates":[-120.147074534661,39.3166019115167]},"properties":{"Cultural_Resources_and_Media":null,"Organization":"Sierra Business Council","Address":"10183 Truckee Airport Rd, No 202","City":"Truckee","State":"CA","Zip":"96161","Phone":"530-582-4800","Website":"http://sierrabusiness.org/ ","Mission":"Sierra Business Council pioneers and demonstrates innovative approaches and solutions to increase community vitality, economic prosperity, environmental quality, and social fairness in the Sierra Nevada.   ","ObjectId":37}},{"type":"Feature","id":38,"geometry":{"type":"Point","coordinates":[-121.052794384631,39.2356592384011]},"properties":{"Cultural_Resources_and_Media":null,"Organization":"Sierra College","Address":"250 Sierra College Dr","City":"Grass Valley","State":"CA","Zip":"95945","Phone":"530-432-4354","Website":"https://academics.sierracollege.edu/visual-and-performing-arts ","Mission":"Since its first days, the promise of Sierra College has been to facilitate learning, inspire change, and build community. The College continues this mission as it adapts to meet the ever changing needs of students while promoting learning as a lifelong process. ","ObjectId":38}},{"type":"Feature","id":39,"geometry":{"type":"Point","coordinates":[-121.017171559987,39.2630941993892]},"properties":{"Cultural_Resources_and_Media":null,"Organization":"Sierra FoodWineArt Magazine","Address":"132 Main St","City":"Nevada City","State":"CA","Zip":"95959","Phone":"530-263-1843","Website":"www.sierraculture.com","Mission":"Sierra FoodWineArt is a free, quarterly lifestyle magazine that is the go-to publication for restaurants, wineries, wine & beer, arts & music, and travel & tourism in the Sierra Foothills, Tahoe/Truckee, Reno and outlying Sacramento region. We also have a companion website called SierraCulture.com. ","ObjectId":39}},{"type":"Feature","id":40,"geometry":{"type":"Point","coordinates":[-121.017763065567,39.2589237715128]},"properties":{"Cultural_Resources_and_Media":null,"Organization":"Sierra Harvest","Address":"313 Railroad Ave No 201","City":"Nevada City","State":"CA","Zip":"95959","Phone":"530-265-2343","Website":"https://sierraharvest.org/ ","Mission":"Sierra Harvest’s mission is to educate, inspire, and connect Nevada County families to fresh, local, seasonal food. ","ObjectId":40}},{"type":"Feature","id":41,"geometry":{"type":"Point","coordinates":[-121.092499777357,39.0429667749239]},"properties":{"Cultural_Resources_and_Media":null,"Organization":"South Nevada County Chamber of Commerce","Address":"10063 Combie Rd, Ste C","City":"Auburn","State":"CA","Zip":"95602","Phone":"530-268-7622","Website":"https://www.sncchamber.org/ ","Mission":"The Chamber’s mission statement is to provide a voice for the business community and enhance the economic vitality of South Nevada County. As our membership continues to grow and flourish, the Chamber will continue to work with our local businesses and the community, bringing vitality to the South Nevada County area. ","ObjectId":41}},{"type":"Feature","id":42,"geometry":{"type":"Point","coordinates":[-120.216168800591,39.3434445661643]},"properties":{"Cultural_Resources_and_Media":null,"Organization":"Tahoe Donner Homeowners Association","Address":"11509 Northwoods Bl","City":"Truckee","State":"CA ","Zip":"96161","Phone":"530-587-9477","Website":"http://www.tahoedonner.com/ ","Mission":"Tahoe Donner is a recreational oriented mountain residential community whose mutual benefit association of 6,500 owners provides for the standards, regular operation and long term maintenance of programs, facilities and open space.","ObjectId":42}},{"type":"Feature","id":43,"geometry":{"type":"Point","coordinates":[-120.148599745555,39.3157835324295]},"properties":{"Cultural_Resources_and_Media":null,"Organization":"Tahoe Safe Alliance","Address":"12257 Business Park Dr, Unit 6","City":"Truckee","State":"CA","Zip":"96161","Phone":"530-582-9117","Website":"http://tahoesafealliance.org/ ","Mission":"Our mission is to end the incidence and trauma of intimate partner and domestic violence, sexual violence, and child abuse in North Lake Tahoe and Truckee.","ObjectId":43}},{"type":"Feature","id":44,"geometry":{"type":"Point","coordinates":[-120.203428133257,39.3260255107503]},"properties":{"Cultural_Resources_and_Media":null,"Organization":"Tahoe Truckee Community Foundation","Address":"11071 Donner Pass Rd","City":"Truckee","State":"CA","Zip":"96161","Phone":"530-550-7985","Website":"http://www.ttcf.net/ ","Mission":"Tahoe Truckee Community Foundation connects people and opportunities, generating resources to build a more caring, creative, and effective community. ","ObjectId":44}},{"type":"Feature","id":45,"geometry":{"type":"Point","coordinates":[-121.062909604275,39.218853926245]},"properties":{"Cultural_Resources_and_Media":null,"Organization":"The Book Seller","Address":"107 Mill St","City":"Grass Valley","State":"CA","Zip":"95945","Phone":"530-272-2131","Website":" https://www.thebookseller.biz/ ","Mission":"We are a full-service independent bookstore located in historic downtown Grass Valley, the heart of California's Gold Country.","ObjectId":45}},{"type":"Feature","id":46,"geometry":{"type":"Point","coordinates":[-121.018301748412,39.2488904788015]},"properties":{"Cultural_Resources_and_Media":null,"Organization":"The Center for Non Profit Leadership","Address":"138 New Mohawk Rd","City":"Nevada City","State":"CA","Zip":"95945","Phone":"530-265-5600","Website":"https://cnlsierra.org/ ","Mission":"The Center for Nonprofit Leadership (CNL) is a resource center for organizations and individuals in Nevada County and the Sierra Nevada region of California. Founded in 2003 as a catalyst to strengthen and sustain local nonprofit organizations, CNL focuses on best practice workshops, executive leadership seminars, on-site coaching and mentoring, and public advocacy.","ObjectId":46}},{"type":"Feature","id":47,"geometry":{"type":"Point","coordinates":[-121.035741650321,39.2334185476091]},"properties":{"Cultural_Resources_and_Media":null,"Organization":"The Golden Road Radio Hour","Address":"578 Sutton Way No 107","City":"Grass Valley","State":"CA","Zip":"95945","Phone":"530-270-9169","Website":"http://goldenroadradiohour.com/ ","Mission":"The Golden Road radio television show explores the intersection of the arts, the environment, culture, health, and technology. We are building a better future through education, community building and positive social change. ","ObjectId":47}},{"type":"Feature","id":48,"geometry":{"type":"Point","coordinates":[-121.039895444026,39.2337431249318]},"properties":{"Cultural_Resources_and_Media":null,"Organization":"The Open Book","Address":"671 Maltman Drive","City":"Grass Valley","State":"CA","Zip":"95945","Phone":"530-273-4002","Website":"http://theopenbookgv.com/ ","Mission":"Tomes Bookstore was founded in Nevada City, California in 1994, then moved to Maltman Drive in Grass Valley in 1997. Under new ownership in 2015, the store’s name was changed to the Open Book, with a new emphasis on events at night, and a new collective model, while honoring the same book and community based ethos during the day.","ObjectId":48}},{"type":"Feature","id":49,"geometry":{"type":"Point","coordinates":[-121.036215788315,39.2325845562527]},"properties":{"Cultural_Resources_and_Media":null,"Organization":"The Prospector","Address":"464 Sutton Way","City":"Grass Valley","State":"CA","Zip":"95945","Phone":null,"Website":null,"Mission":"Covering the arts.","ObjectId":49}},{"type":"Feature","id":50,"geometry":{"type":"Point","coordinates":[-121.036215788315,39.2325845562527]},"properties":{"Cultural_Resources_and_Media":null,"Organization":"The Union Newspaper","Address":"464 Sutton Way","City":"Grass Valley","State":"CA","Zip":"95945","Phone":"530-477-4249","Website":"www.theunion.com","Mission":"The Union is is one of the oldest daily newspapers in California. It was founded in 1864, as the Civil War raged and people in Nevada County were divided. The Union made its stand clear: For The Union, One and Inseparable. Those words have appeared on its front page every day since then.","ObjectId":50}},{"type":"Feature","id":51,"geometry":{"type":"Point","coordinates":[-120.147074534661,39.3166019115167]},"properties":{"Cultural_Resources_and_Media":null,"Organization":"Town of Truckee","Address":"10183 Truckee Airport Rd","City":"Truckee","State":"CA","Zip":"96161","Phone":"530-582-2914","Website":"https://www.townoftruckee.com/ ","Mission":"Creating the best future for our community requires the highest level of public service every day. We will accomplish that in partnership with the Town’s citizens and our fellow governmental agencies.  ","ObjectId":51}},{"type":"Feature","id":52,"geometry":{"type":"Point","coordinates":[-120.185771673584,39.3277160026574]},"properties":{"Cultural_Resources_and_Media":null,"Organization":"Truckee Chamber of Commerce","Address":"10065 Donner Pass Rd, Ste D","City":"Truckee","State":"CA","Zip":"96161","Phone":"530-587-8808","Website":"www.truckee.com","Mission":"Our mission is to promote and develop local business and tourism while improving the community's quality of life. ","ObjectId":52}},{"type":"Feature","id":53,"geometry":{"type":"Point","coordinates":[-120.185771673584,39.3277160026574]},"properties":{"Cultural_Resources_and_Media":null,"Organization":"Truckee Downtown Merchants Association","Address":"10065 Donner Pass Rd","City":"Truckee","State":"CA","Zip":"96161","Phone":"530-214-0734","Website":"https://www.historictruckee.com/ ","Mission":"The vision of Truckee Downtown Merchants Association (TDMA) is to create, support and sustain a vibrant and visible downtown through solid membership, community collaboration and unique events; ensuring a vital, art-filled and welcoming authentic Historic Downtown Truckee for residents and visitors alike.  ","ObjectId":53}},{"type":"Feature","id":54,"geometry":{"type":"Point","coordinates":[-120.215639965976,39.3259565883528]},"properties":{"Cultural_Resources_and_Media":null,"Organization":"Truckee Tahoe Community Television","Address":"11725 Donner Pass Rd","City":"Truckee","State":"CA","Zip":"95959","Phone":"530-582-1194","Website":"http://ttctv.org/ ","Mission":"The mission of Truckee Tahoe Community Television is to provide a PEG Access Television Center to the residents of Truckee and North Tahoe, CA at limited cost. ","ObjectId":54}},{"type":"Feature","id":55,"geometry":{"type":"Point","coordinates":[-120.186329301,39.3276185710817]},"properties":{"Cultural_Resources_and_Media":null,"Organization":"Word after Word Books","Address":"10118 Donner Pass Rd Ste 2","City":"Truckee","State":"CA","Zip":"96161","Phone":"530-536-5099","Website":"https://www.wordafterwordbooks.com/ ","Mission":"Word After Word Books is a welcoming space for the community and visitors to connect around books. The Word After Word Team hosts author events, writing workshops, book clubs, and story times.  ","ObjectId":55}},{"type":"Feature","id":56,"geometry":{"type":"Point","coordinates":[-121.177928265506,39.1957775590319]},"properties":{"Cultural_Resources_and_Media":null,"Organization":"Penn Valley Community Foundation","Address":"10592 Spenceville Rd","City":"Penn Valley","State":"CA","Zip":"95946","Phone":"530-713-2296","Website":"http://pennvalleycf.org","Mission":"Dedicated to establishing a Penn Valley Cultural Center, a centrally located facility for all ages and interests. ","ObjectId":56}},{"type":"Feature","id":57,"geometry":{"type":"Point","coordinates":[-120.942104362496,39.3160309351795]},"properties":{"Cultural_Resources_and_Media":null,"Organization":"KYRR 93.3 FM","Address":"15517 Barn Hollow Rd","City":"Nevada City","State":"CA","Zip":"95959","Phone":"(530) 470-9063","Website":"http://www.angelfire.com/ky3/kyrr93.3/","Mission":"KYRR is a licensed non-profit public safety community radio station operated by Yuba River Radio, a community radio club, broadcasting 24/7 programs as diverse as heavy metal, trance, world, classic rock, punk, hip-hop, and pop music with a focus on local artists.","ObjectId":57}},{"type":"Feature","id":58,"geometry":{"type":"Point","coordinates":[-120.215639965976,39.3259565883528]},"properties":{"Cultural_Resources_and_Media":null,"Organization":"Truckee Tahoe Community Television (TTCTV)","Address":" 11725 Donner Pass Rd","City":"Truckee","State":"CA","Zip":"96161","Phone":"(530) 582-1194","Website":"http://ttctv.org","Mission":"At Truckee Tahoe Community Television our mission is to foster community awareness and communication through local programming from individuals, groups and agencies. We serve the Truckee, North Tahoe area with interesting and informative programs through Suddenlink Channel 6, Channel 18 and online video streaming. We instruct the general public, and TTUSD students in particular, in the motion picture arts and sciences.","ObjectId":58}}]}